id,name,nswrm,obj_id
1,buffer_293,buffer,"1557, 1558, 1559, 1560, 1561, 1567, 1673, 1674, 1678, 1758, 1759, 1760, 1761, 1762, 1763, 1764, 1779, 4026"
2,buffer_294,buffer,3171
3,buffer_295,buffer,"37, 38, 39, 41, 42, 43, 45, 47, 49, 50, 51, 52, 1795, 1798, 1800, 1801, 1802, 3748, 3749, 3750, 3751, 3752, 3753, 3754, 3781, 4050, 4051, 4052, 4053, 4054, 4541, 4543, 4546, 4547, 4548, 4549, 4550, 4555, 4590, 4592, 4594, 4599, 4601, 4602, 4608, 4620, 4621, 4622, 5825"
4,buffer_296,buffer,"1429, 1803, 1805, 1822, 3136, 3152, 3170, 3172, 3177, 3195, 3196, 3875, 4542, 4544, 4545, 4551, 4552, 4553, 4554"
5,buffer_297,buffer,"385, 387, 389, 567, 571, 572, 574, 575, 576, 598, 599, 600, 601, 3137, 3138, 3139, 3140, 3141, 3142, 3143, 3153, 3182, 3183, 3185, 3186"
6,buffer_298,buffer,1531
7,buffer_299,buffer,"1524, 1525, 1526, 1529, 1530, 1532, 5337, 5339, 5356, 5357, 5362"
8,buffer_300,buffer,"5338, 5355, 5358, 5374, 5381, 5383, 5392, 5393, 5395, 5399"
9,buffer_301,buffer,"1181, 1182, 1183, 1184, 1185, 1186, 1187, 1188, 1189, 1190, 1191, 1192, 1194, 1195, 1196, 1201"
10,buffer_302,buffer,"1039, 1040"
11,buffer_304,buffer,"996, 997, 2803, 2804, 2805, 2806, 2807, 2808"
12,buffer_305,buffer,"955, 980"
13,buffer_308,buffer,"5849, 5850, 5851, 5853, 5861, 5862"
14,buffer_310,buffer,"337, 340, 341, 342, 343, 364, 365, 366, 3492, 3493, 3499, 3500, 3501, 3502, 3503, 3504, 3506, 3536, 3538, 3582, 3583, 5852, 5854"
15,buffer_311,buffer,"338, 339, 360, 361, 362, 363, 419, 422, 427, 429, 3427, 3428, 3429, 3494, 3495, 3496, 3497, 3498, 3505, 3507, 3508, 3509, 3510, 3537, 5153, 5154, 5155, 5157, 5162, 5163, 5165, 5167, 5168, 5190, 5191, 5196, 5198, 5243, 5244"
16,buffer_312,buffer,"1088, 1090, 1095"
17,buffer_313,buffer,"1038, 1087, 1093, 1094, 3414, 3415, 3420, 4120, 4121, 4122, 4123, 4124, 4125, 4126, 4127, 4128, 4130, 4131, 4132, 4134, 5152, 5156, 5158"
18,buffer_315,buffer,"1089, 1096, 1097, 1104, 1105, 1106, 1118, 1119, 1120, 1121, 1193, 1241, 1242, 1244, 3333, 3334, 3335, 3336, 3337, 3338, 3339, 3340, 3341, 3342, 3343, 3344, 3345, 3346, 3347, 3348, 3349, 3350, 3351, 3352, 3353, 3354, 3355, 3356, 3357, 3358, 3359, 3360"
19,buffer_316,buffer,"3701, 3702, 5997, 5998, 5999, 6000, 6001, 6002, 6003, 6004, 6005"
20,buffer_317,buffer,"1243, 1245, 1248, 1249, 3402, 3403, 3404, 3405, 3406, 3407, 3408, 3409, 3410, 3411, 4092, 4093, 4094, 4095, 4096, 4102, 4103, 5391"
21,buffer_318,buffer,"3697, 3698, 3699, 3700, 3703, 3704, 3707, 3708, 3709, 4229, 4230, 5105"
22,buffer_319,buffer,"5177, 5207, 5218, 5219, 5221, 5222, 5764, 5765, 5766, 5767, 5768"
23,buffer_320,buffer,"4872, 4880, 4909, 4910, 4912, 4913, 4914, 4919, 4928"
24,buffer_321,buffer,"4864, 4865, 4866, 4908, 4911, 4915, 4931, 4937, 4938, 5018, 5019, 5046"
25,buffer_323,buffer,"2319, 2320, 2321, 2322, 2326, 2350, 2351, 3677, 3678, 3679, 3680, 4811, 4812, 4813, 4824, 4825, 4833, 4834, 4941, 4945, 4946, 4947, 4953, 4973, 4974, 4975, 4976, 4977, 4978, 4979, 4983, 4984, 4985, 4986, 4987, 4988, 4989, 5723"
26,buffer_324,buffer,"2406, 2407"
27,buffer_325,buffer,"702, 2408, 2409, 2410, 2411, 2414, 3710, 3945, 3956, 3957, 3958, 3959, 3960, 3961, 3963, 4195, 4196, 4197, 4199, 4200, 4201, 4202, 4209, 4217, 4219, 4220, 4221, 4224, 4242, 4244, 4245, 4246, 4247, 4290, 4291, 4292, 4293, 4294, 4296, 4297, 4298, 4303, 4304, 4305, 4306, 4335, 4338, 4350, 4357, 4358, 4359, 4360, 4361, 4368, 4369, 4383, 4384, 4385, 4388, 4400, 4406, 4407, 4408, 4409, 4410, 5079, 5080, 5081, 5082, 5085, 5092, 5093, 5094, 5095, 5096, 5097, 5098, 5099, 5101, 5102, 5103, 5104, 5106, 5108, 5117, 5118, 5119, 5724"
28,buffer_326,buffer,"3242, 3243, 3244, 3245, 3246, 3247, 3248, 3249, 3250, 3251, 3252, 3253, 3254, 3269, 3270, 3271, 3272, 3273, 3274, 3275, 3276, 3277, 3278, 3279, 3280, 3281, 3282, 3283, 3284, 3285, 3291, 3292, 3293, 3294, 3295, 3296, 4198, 4210, 4212, 4450, 4451, 4452, 6006"
29,buffer_327,buffer,"1332, 1333, 1334, 1338, 1408, 1409, 1411, 1413, 1414"
30,buffer_328,buffer,"609, 640, 641, 642, 643, 644, 645, 646, 647, 648, 649, 3181, 3184, 3187, 4437, 4438, 4439, 4485, 4486, 4487, 4488, 4489, 4490, 4493, 4494, 4495, 4496, 4497, 4498, 4501, 4504, 4514, 4516, 4517"
31,buffer_329,buffer,"608, 610, 611, 612, 613, 614, 615, 616, 617, 618, 619, 620, 621, 622, 655, 656, 657, 658, 659, 661, 662, 1328, 1329, 1330, 1331, 3876"
32,buffer_330,buffer,"226, 1335, 1336, 1337, 1339, 1340, 1831, 1832, 1835, 1836, 1838, 1839, 1901, 1934, 1938, 2104, 2105, 2109, 2110, 2212, 2213, 2214, 2215, 2233, 2234, 5638, 5639, 5643, 5644, 5645, 5646, 5647, 5703, 5706, 5707, 5708"
33,buffer_331,buffer,"2130, 2131"
34,buffer_332,buffer,"1341, 1410, 1412, 2187, 2188, 2189, 2190, 2191, 2192, 2211, 2216, 2217, 2218, 2219, 2220, 2221, 2222, 2223, 2224, 2225, 2226, 2232, 2235, 2236, 2237"
35,buffer_333,buffer,"5608, 5609, 5614, 5615, 5616, 5617, 5654, 5655, 5659, 5664, 5665, 5669"
36,buffer_334,buffer,"477, 478, 479, 482, 484, 486, 487, 488, 508, 511, 512, 513, 514, 515, 1527, 1528"
37,buffer_335,buffer,"224, 225, 227, 228, 229, 230, 231, 233, 480, 481, 483, 485, 495, 506, 507, 509, 510, 882, 883, 1974, 1975, 1976, 1977, 1984, 2006, 2007, 2009, 2037, 2038, 2042, 2917, 2918, 2919, 2920, 2921, 2922, 2923, 2939, 2940, 2963, 2964, 2965, 2966, 3047, 3048, 3049, 3050, 3051, 3052, 3053, 3054, 3066, 3075, 3982, 3983, 3984, 3985, 3989"
38,buffer_336,buffer,"3596, 3597, 3598, 3599, 3600, 3601, 3602, 3603, 3608"
39,buffer_337,buffer,"1812, 1813, 1814, 1815, 1833, 1837, 1891, 1893, 1894, 1895, 1896, 1900, 1903, 1904, 1905, 1906"
40,buffer_338,buffer,"116, 117, 118, 119, 120, 121, 122, 123, 124, 128, 130, 131, 132, 133, 134, 135, 136, 137, 138, 140, 141, 142, 144, 174, 175, 193, 194, 195, 1793, 1794, 1796, 1797, 1799, 1804, 1821, 1824, 1825, 3098, 3099, 3100, 3101, 3102, 3103, 3104, 3105, 3106, 3107, 3108, 3109, 3110, 3121, 4562, 4563, 4564, 4566, 4567, 4571, 4572, 4573, 4574, 4579, 4580, 4581, 4582, 4583, 4584, 5732, 5823, 5824, 5826, 5827, 5828, 5829"
41,buffer_339,buffer,"2906, 2908, 2909, 2910, 2911, 2912, 2914, 2915, 2916, 2937, 2962, 2967, 2968, 3594, 3595, 3607"
42,buffer_340,buffer,"126, 146, 147, 148, 149, 150, 151, 152, 153, 155, 156, 176"
43,buffer_341,buffer,"127, 129, 139, 3743, 3744, 3745, 3746, 3755, 3777, 3778, 3779, 3780, 3783, 4588, 4589, 4591, 4596, 4610"
44,buffer_342,buffer,"154, 6149, 6150, 6151, 6152, 6153"
45,buffer_344,buffer,"3868, 3869, 3871"
46,buffer_345,buffer,"373, 374, 375, 791, 792, 793, 794, 796, 797, 799, 800, 804, 805, 806, 807, 815, 816, 820, 821, 900, 3546, 3547, 3555, 3558, 3560, 3937, 5420"
47,buffer_346,buffer,"896, 897, 3614, 3615, 3619"
48,buffer_349,buffer,"3784, 4658"
49,buffer_350,buffer,"2667, 2670, 3747, 3757, 3758, 3760, 4165, 4643, 4644, 4645, 4646, 4647, 4648, 4649, 4650, 4653, 4654, 4656, 4690, 4691, 4692, 4693, 4694, 4695, 4696, 4703, 4715, 4716, 4717, 4718, 4719, 4720, 4727, 5453, 5454, 5455, 5518, 5519"
50,buffer_351,buffer,"1607, 1608, 1644, 1645, 1646, 1647, 1648, 1649, 1650, 1651, 1652, 1653, 1654, 1655, 4000, 4001, 4002, 4004, 4021"
51,buffer_352,buffer,"1019, 1020, 1021, 1022"
52,buffer_353,buffer,"420, 421, 423, 424, 425, 426, 428, 430, 431, 1091, 1092, 1098, 1099, 1117, 1246, 1247, 1250, 3419, 4129, 4133, 4135, 5231, 5232, 5233, 5234, 5235, 5236, 5237"
53,buffer_354,buffer,"568, 569, 570, 573, 1428, 1431, 6129"
54,buffer_355,buffer,"40, 44, 46, 48, 380, 381, 382, 383, 384, 386, 388"
55,buffer_356,buffer,"125, 143, 145, 1269, 1327, 1892, 1897, 1898, 1899, 1902, 2907, 2913, 3756, 3759, 3761, 4655, 4664, 4665, 4666, 4667, 4671, 4672, 4673"
56,buffer_357,buffer,"1597, 1598, 1599, 1600, 1601, 1602, 1603, 1604, 1675, 1676, 1677, 1685, 1686, 1753, 1754, 1755, 1756, 1757, 3999, 4003, 4005, 4006, 4007, 4008, 4009, 4010, 4017"
57,buffer_358,buffer,"715, 716, 717, 827, 837, 838, 839, 840, 848, 849, 2653, 2654, 2655, 2698, 2699, 2700, 2824, 3884"
58,buffer_359,buffer,"250, 251, 267, 268, 269, 275, 276, 288, 291, 293, 908, 910, 911, 912, 2430, 2431, 3127, 3911, 3912, 3913, 3914, 3915, 3916"
59,buffer_360,buffer,"287, 289, 290, 292, 454, 455, 456, 457, 720, 721, 724, 725, 726, 757, 758, 759, 760, 761, 762, 763, 764, 765, 766, 767, 777, 778, 779, 780, 781, 782, 783, 907, 909, 917, 2554, 2555, 2556, 2557, 2564, 3870, 3926, 5751"
60,grassslope_223,grassslope,"65, 1568, 1569, 1765, 1766, 1767, 1768, 1769, 1780, 1781, 4027"
61,grassslope_224,grassslope,"3144, 4055, 4056, 4057, 4058, 4059, 4060, 4061, 4062, 4063, 4079, 4080, 4081, 4082, 6087, 6133, 6134"
62,grassslope_225,grassslope,"53, 54, 55, 66, 67, 68, 3173, 3178, 4083, 4084, 4085, 4086, 4556, 4558, 4559, 4603, 4604, 4704, 5817, 5818, 5819"
63,grassslope_226,grassslope,"390, 398, 3145, 3154, 3188, 3192, 3881, 4557, 4561"
64,grassslope_227,grassslope,"391, 392, 399, 400, 579, 580, 581, 582, 583, 603, 604, 605, 606, 607, 650, 652, 3189, 3193, 4502"
65,grassslope_228,grassslope,"1432, 1433, 1533, 1534, 1535, 1536, 1537, 1538, 1539, 6130, 6131, 6132, 6137"
66,grassslope_229,grassslope,"577, 578, 602, 1540, 1541, 1542, 1549, 3255, 5340, 5341, 5342, 5343, 5344, 5359, 5360, 5362, 5375, 5382, 6013"
67,grassslope_230,grassslope,"5345, 5346, 5361"
68,grassslope_231,grassslope,"1197, 1198, 4097, 4099, 5376, 5377, 5383, 5394, 5395, 5400, 5780"
69,grassslope_232,grassslope,"1199, 2809, 3367"
70,grassslope_233,grassslope,"3361, 3362, 3376, 3377, 4136, 4137, 4138, 4139, 4140, 4145, 4146, 4147"
71,grassslope_234,grassslope,"432, 433, 440, 441, 1041"
72,grassslope_235,grassslope,"956, 957, 962, 1023, 1024"
73,grassslope_236,grassslope,"3513, 3514, 3515, 3539, 3540, 3541, 3542, 3584, 3590"
74,grassslope_237,grassslope,"894, 3511, 3512, 3589, 3618, 5422, 5425"
75,grassslope_238,grassslope,"817, 818, 867, 3548, 3551, 5421"
76,grassslope_239,grassslope,"5923, 5924"
77,grassslope_240,grassslope,"346, 347, 348, 349, 367, 368, 5906, 5925, 5933"
78,grassslope_241,grassslope,"344, 345, 353, 3516, 3517, 3518, 3519, 3543, 5193"
79,grassslope_242,grassslope,"3544, 5159, 5162, 5192, 5206"
80,grassslope_243,grassslope,"1100, 1101, 1122, 5178"
81,grassslope_244,grassslope,"434, 1102, 1123, 3416, 3421, 3425, 4148, 5160, 5161"
82,grassslope_245,grassslope,"1251, 3363, 3364, 3379, 3380"
83,grassslope_246,grassslope,"1103, 1124, 1125, 1252, 1253, 1254, 3365, 3366, 3378, 3381, 4104, 4107"
84,grassslope_247,grassslope,"3286, 3297, 3298, 3705, 3711, 5120, 6007, 6014, 6039, 6040, 6059, 6060, 6061"
85,grassslope_248,grassslope,"1255, 3412, 4100, 6058"
86,grassslope_249,grassslope,"667, 3706"
87,grassslope_250,grassslope,"5205, 5207"
88,grassslope_251,grassslope,"4881, 4916, 4917, 4925, 4932, 4939, 4996"
89,grassslope_252,grassslope,"5042, 5719, 5786"
90,grassslope_253,grassslope,"2323, 2327, 4948, 4949, 5787"
91,grassslope_254,grassslope,"703, 704, 705, 706, 712, 713, 2328, 2329, 4826, 4828, 4980, 5788"
92,grassslope_255,grassslope,"4363, 4370, 4374, 4399"
93,grassslope_256,grassslope,"4203, 4211, 4212, 4240, 4241, 4311, 5083, 5084"
94,grassslope_257,grassslope,"3256, 3257, 3953, 4204, 4205, 4206, 4440, 4442, 4445, 5640"
95,grassslope_258,grassslope,"1349, 1350, 1351, 1374, 1375, 1417, 1418, 4441"
96,grassslope_259,grassslope,"1352, 1353, 1354, 1376, 1419"
97,grassslope_260,grassslope,"623, 624, 626, 663, 1348, 1373, 3880"
98,grassslope_261,grassslope,"489, 1342, 1343, 1344, 1345, 1346, 1347, 1368, 1369, 1370, 1371, 1372, 1379, 1834, 1835, 1836, 1837, 1907, 2106, 2111, 2193, 2194, 2227, 2228, 2229, 2232, 2233, 2234, 2235, 5610, 5648, 5660, 5704"
99,grassslope_262,grassslope,"2195, 3976"
100,grassslope_263,grassslope,"1415, 1416, 2196, 2197, 2230, 2231, 2236, 2237"
101,grassslope_264,grassslope,"493, 494, 520, 521, 5656, 5670"
102,grassslope_265,grassslope,"490, 491, 492, 516, 517, 518, 519"
103,grassslope_266,grassslope,"235, 1978, 1979, 2039, 2927, 2928, 2929, 2930, 2931, 2932, 2969, 2970, 2971, 2972, 2973, 2974, 3056, 3057, 3058, 3059, 3076, 3077, 3078, 3079, 3080"
104,grassslope_267,grassslope,"163, 170, 171, 172, 173, 203, 204, 205, 1908, 1909, 3114"
105,grassslope_268,grassslope,"1816, 1817, 1910, 1911, 1912"
106,grassslope_269,grassslope,"164, 165, 166, 167, 168, 169, 198, 199, 200, 201, 202, 1806, 1823, 1825, 3111, 3112, 3113, 3122, 3123, 3124, 4565, 4575, 5830"
107,grassslope_270,grassslope,"2924, 2933, 2934, 2935, 2936, 2937, 2975, 2976, 2977, 2978"
108,grassslope_271,grassslope,"2925, 2926, 6178, 6179, 6180, 6181, 6204"
109,grassslope_272,grassslope,"158, 159, 160, 161, 162, 196, 197, 3762, 3763, 3764, 3765, 3766, 3767, 3825, 4166, 6176, 6177"
110,grassslope_273,grassslope,"157, 3782, 3783, 4595"
111,grassslope_274,grassslope,"6154, 6182"
112,grassslope_275,grassslope,"3826, 3827, 3828, 4167, 4168, 4169, 4170"
113,grassslope_276,grassslope,"6183, 6184, 6195, 6196, 6197, 6198"
114,grassslope_277,grassslope,"3055, 3060, 3061, 3062, 3081"
115,grassslope_278,grassslope,"2522, 2523, 2524"
116,grassslope_279,grassslope,"252, 256, 272, 3924"
117,grassslope_280,grassslope,"270, 271, 768, 784, 788, 3872, 3873"
118,grassslope_281,grassslope,"769, 770, 2525, 3552, 3559, 5746, 5750"
119,grassslope_282,grassslope,2526
120,grassslope_283,grassslope,"2527, 2528, 2529, 2530, 2531, 2532, 2533, 2534, 2535, 2543, 2544, 2724"
121,grassslope_284,grassslope,"5587, 5588, 5589, 5590"
122,grassslope_285,grassslope,"3768, 4674, 4675, 5456, 5585, 5586, 5739"
123,grassslope_286,grassslope,"3769, 4697, 4705, 4706, 4728, 4729, 5457"
124,grassslope_287,grassslope,"1656, 4011, 4018, 4019"
125,grassslope_288,grassslope,"1687, 1688, 1770, 4012, 4020"
126,grassslope_289,grassslope,"841, 844, 2701, 2702, 2703, 2825, 2830, 5808, 5809"
127,grassslope_290,grassslope,"253, 913, 918, 2432, 2437, 2656, 2732, 2733, 2734, 2740, 3917, 3925, 5757, 5962"
128,grassslope_291,grassslope,"294, 2446, 2558, 2565, 5927, 5948"
129,grassslope_292,grassslope,5947
130,notill_1,notill,"9, 1562, 1564, 1568, 1631, 1657, 1662, 1663, 1675, 1679, 1680, 1685, 1723, 1725, 1726, 1732, 1733, 1734, 1753, 1769, 1771, 1772, 1773, 1774, 1775, 1776, 1777, 1778, 1779, 1780, 1781, 4022, 4028"
131,notill_10,notill,"5346, 5353, 5361"
132,notill_100,notill,"3696, 3704, 3706, 3712, 5072, 5095, 5097"
133,notill_101,notill,"354, 5186, 5194, 5203, 5205, 5207, 5219, 5762, 5764, 5765"
134,notill_102,notill,5032
135,notill_103,notill,"4876, 4881, 4895, 4898, 4899, 4913, 4914"
136,notill_104,notill,"5029, 5030, 5031, 5042"
137,notill_105,notill,"2313, 2314, 2323, 2327, 4948, 4949, 5714, 5785, 5787"
138,notill_106,notill,"693, 694, 695, 704, 706, 712, 713, 2325, 2326, 2328, 2329, 2348, 3658, 3660, 3673, 3683, 3684, 3685, 3686, 4397, 4813, 4817, 4835, 4965, 5783"
139,notill_107,notill,"4351, 4355, 4362, 4363, 4367, 4370, 4371, 4372, 4373, 4374, 4386, 4396, 4403, 4406, 4410, 4411"
140,notill_108,notill,"2413, 4178, 4207, 4209, 4212, 4216, 4218, 4240, 4241, 4295, 4299, 4366, 5092, 5094, 5112, 5135"
141,notill_109,notill,"4179, 4180, 4182, 4204, 4205, 4206, 4210, 4427, 4442, 4444"
142,notill_11,notill,"1161, 2782, 2783, 4099, 5395, 5396, 5398, 5399"
143,notill_110,notill,"1286, 1349, 1402, 1403, 2374, 2376, 2379, 2381, 4423, 4425, 4426, 4441"
144,notill_111,notill,"653, 661, 662, 1261, 1271, 1289, 1290, 1291, 4421, 4422, 4424, 4428, 4500"
145,notill_112,notill,"623, 624, 625, 626, 660, 663, 1285, 1809, 3878, 3880"
146,notill_113,notill,"1284, 1810, 1831, 1832, 1833, 1834, 1835, 1836, 1837, 1839, 1861, 1862, 1893, 1894, 1895, 1896, 1897, 1907, 1919, 1937, 2097, 2105, 2107, 2108, 2109, 2110, 2161, 2162"
147,notill_114,notill,"2175, 2206, 2207, 2209, 2210, 2223, 2225, 2226, 2231"
148,notill_115,notill,"471, 472, 493, 503, 505, 521, 1738, 1739, 1864"
149,notill_116,notill,"467, 468, 469, 490, 492, 496, 497, 499, 502, 507, 508, 512, 513, 516, 517, 518, 1499, 2008"
150,notill_117,notill,"219, 220, 221, 466, 506, 885, 1962, 1963, 1964, 1965, 1978, 1981, 1982, 1983, 2034, 2038, 2041, 2855, 2856, 2857, 2929, 2930, 2931, 2932, 2950, 3018, 3020, 3056, 3057, 3059, 3067, 3068, 3069, 3070, 3071, 3076, 3077, 3078, 3079, 3080, 3981"
151,notill_118,notill,"163, 171, 172, 189, 190, 191, 195, 203, 204, 2858, 3092, 3605, 3606"
152,notill_119,notill,"1816, 1817, 1866, 1910, 1911, 1912, 1922"
153,notill_12,notill,"1166, 1187, 1201, 3375"
154,notill_120,notill,"164, 167, 186, 187, 188, 200, 201, 202, 1787, 1788, 1823, 3091, 3111, 3113, 4585"
155,notill_121,notill,"2859, 2861, 2862, 2863, 2865, 2866, 2867, 2869, 2871, 2934, 2935, 2936, 2956, 2957, 2958, 2960, 2977, 2978, 3593"
156,notill_122,notill,"2854, 2925, 2926, 6165"
157,notill_123,notill,"83, 84, 161, 162, 181, 3744, 3763, 3764, 3765, 3770, 3777, 4155, 4166, 6162, 6177"
158,notill_124,notill,"80, 81, 157, 177, 3728, 3745, 3746, 3771, 3772, 3773, 3774, 3778, 3779, 3780, 3782, 3783, 4595, 4609, 4612"
159,notill_125,notill,"6150, 6155"
160,notill_126,notill,4168
161,notill_127,notill,2588
162,notill_128,notill,"3022, 3023, 3061, 3073, 3074, 3081"
163,notill_129,notill,"2498, 2500, 2501, 2522, 2523"
164,notill_13,notill,"3314, 3315, 3361, 3368, 3369, 3370, 3376, 3377, 4142, 4144, 4146, 4147"
165,notill_130,notill,"254, 256, 262, 858, 865, 3902, 3921, 3924"
166,notill_131,notill,"295, 450, 727, 768, 776, 785, 788, 3854, 3855, 3860, 3861, 3872, 3873, 3874"
167,notill_132,notill,"749, 786, 3559, 3858, 3859, 5744"
168,notill_133,notill,"2504, 2528, 2529, 2530, 2531, 2537, 2538, 2539, 3577"
169,notill_134,notill,"5561, 5562, 5587, 5588, 5589, 5590"
170,notill_135,notill,"1591, 3990"
171,notill_136,notill,"4779, 4780, 4781, 4782, 4810, 5447, 5453, 5456, 5501, 5585, 5586, 5739"
172,notill_137,notill,"4682, 4684, 4701, 4702, 4703, 4705, 4711, 4712, 4725, 4726, 4728, 4729, 5448, 5449, 5450, 5457"
173,notill_138,notill,"1606, 1633, 1634, 1635, 1656, 3993, 4011, 4013, 4019"
174,notill_139,notill,"6082, 6083, 6114"
175,notill_14,notill,"437, 438, 441"
176,notill_140,notill,"1670, 1671, 1677, 1737, 1755, 1770, 3995"
177,notill_141,notill,"835, 847, 850, 851, 2691, 2692, 2693, 2694, 2695, 2701, 2702, 2823, 2826, 2827, 5803, 5804, 5808"
178,notill_142,notill,"903, 904, 2424, 2637, 2639, 5754, 5755, 5959"
179,notill_143,notill,"281, 771, 772, 787, 2441, 2444, 2546, 2547, 2548, 2560, 2564, 5941, 5943"
180,notill_144,notill,5899
181,notill_145,notill,"3147, 4055, 4057"
182,notill_146,notill,4559
183,notill_147,notill,3881
184,notill_148,notill,"3189, 3191, 3193"
185,notill_149,notill,"1485, 1486, 1536, 1537, 1538, 1545, 6108, 6131"
186,notill_15,notill,"997, 1009, 1010, 1022, 1023, 2780, 2781, 2806, 2807, 2808"
187,notill_150,notill,"1496, 1542, 1548, 1549, 3255"
188,notill_151,notill,"1159, 5394, 5397"
189,notill_152,notill,1199
190,notill_153,notill,"1042, 3362, 4137, 4138, 4145"
191,notill_154,notill,"1031, 1032, 1041"
192,notill_155,notill,"945, 947, 948, 960, 961, 962"
193,notill_156,notill,"940, 3513, 3523, 3524, 3584, 3587, 3588, 3590"
194,notill_157,notill,"3575, 5417"
195,notill_158,notill,"811, 817, 3548, 5415, 5416, 5421"
196,notill_159,notill,"3467, 3516, 3517, 3528, 3530, 3531, 3532, 3543"
197,notill_16,notill,"3462, 3512, 3616, 3617, 3618, 5841, 5845, 5859"
198,notill_160,notill,"5142, 5159, 5243, 5244"
199,notill_161,notill,1100
200,notill_162,notill,"3416, 3421"
201,notill_163,notill,"1251, 3316, 3363"
202,notill_164,notill,"1229, 1252, 3366, 4104"
203,notill_165,notill,"6025, 6039, 6049, 6050"
204,notill_166,notill,"1255, 3412, 6058"
205,notill_167,notill,"667, 4231, 5096, 5107, 5108"
206,notill_168,notill,"4896, 4897, 4916, 4917, 4924, 4925"
207,notill_169,notill,5046
208,notill_17,notill,"801, 867, 3551, 3938"
209,notill_170,notill,"2324, 5034"
210,notill_171,notill,"691, 703, 705, 710, 3687, 3941, 4826, 4827, 4828, 4840, 4841, 4844"
211,notill_172,notill,4399
212,notill_173,notill,"3946, 4203, 4208, 4211, 4301, 4302, 4311, 5074, 5075, 5081, 5082, 5093, 5118, 5119"
213,notill_174,notill,4181
214,notill_175,notill,"1288, 1350, 1351, 1363, 1364, 1365, 1374, 1375, 1404, 1417, 1418"
215,notill_176,notill,"1352, 1353, 1354, 1366, 1367, 1376, 1419"
216,notill_177,notill,"1348, 1361, 1362, 1373"
217,notill_178,notill,"1342, 1343, 1344, 1345, 1346, 1347, 1355, 1356, 1357, 1358, 1359, 1360, 1368, 1369, 1370, 1371, 1372, 1377, 1378, 1379, 2193, 2194, 2198, 2199, 2200, 2201, 2211, 2212, 2213, 2214, 2215, 2216, 2217, 2218, 2219, 2227, 2228, 2229, 2232, 2233, 2234, 2235"
218,notill_179,notill,"1400, 1416, 1420, 2196, 2204, 2220, 2221, 2222, 2230, 2236, 2237"
219,notill_18,notill,"5864, 5922"
220,notill_180,notill,"494, 3980, 3986, 3987"
221,notill_181,notill,"1979, 2927, 2928, 2944, 2945, 2946, 2963, 2969, 2970, 3072"
222,notill_182,notill,"87, 165, 166, 183, 184, 185, 198, 199, 1797, 1806, 1821, 1824, 1825, 3112, 3115, 3117, 3118, 3119, 3120, 3121, 3122, 3123, 3124"
223,notill_183,notill,"2860, 2868, 2872, 2933, 2953, 2955, 2959, 2961, 2975"
224,notill_184,notill,"263, 272, 3901, 3920"
225,notill_185,notill,"261, 270, 271, 448, 784"
226,notill_186,notill,"750, 769, 770, 790, 798, 802, 2525, 3550, 3552, 5746, 5747, 5748, 5749, 5750"
227,notill_187,notill,"2502, 2503, 2527, 2532, 2533, 2534, 2535, 2536, 2540, 2541, 2542, 2543, 2544"
228,notill_188,notill,"841, 842, 843, 844, 2700, 2703, 2825, 2828, 2829, 2830, 3885, 5805, 5809"
229,notill_189,notill,"264, 274, 296, 905, 913, 915, 917, 2435, 2730, 2731, 2732, 2733, 2734, 2735, 2736, 2737, 2738, 2739, 2740, 3923, 3925, 5758"
230,notill_19,notill,"328, 329, 332, 355, 356, 357, 360, 361, 362, 363, 364, 5895, 5898"
231,notill_190,notill,"294, 773, 2558, 2559, 2561, 2562, 2563, 2565, 5927, 5942, 5948, 5949, 5950, 5951"
232,notill_191,notill,5947
233,notill_192,notill,"3461, 3511, 3585, 3586, 3589"
234,notill_193,notill,346
235,notill_194,notill,"5157, 5162"
236,notill_195,notill,"1101, 1122"
237,notill_196,notill,434
238,notill_197,notill,6059
239,notill_198,notill,2952
240,notill_199,notill,"244, 252"
241,notill_2,notill,"3144, 4064, 4065, 4066, 4067, 4068, 4070, 4079, 4080, 6077, 6113, 6133"
242,notill_20,notill,"321, 322, 323, 324, 325, 326, 342, 344, 345, 350, 352, 3471, 3472, 3519, 5193"
243,notill_200,notill,"245, 253, 255, 859, 916, 918, 2425, 2432, 2433, 2434, 2436, 2437, 3903, 3917, 3922, 5753, 5757, 5759, 5960, 5961, 5962"
244,notill_201,notill,"2445, 2446"
245,notill_202,notill,1569
246,notill_203,notill,"4078, 4086"
247,notill_204,notill,"1497, 5977, 5978"
248,notill_205,notill,"4136, 4141"
249,notill_206,notill,5894
250,notill_207,notill,1118
251,notill_208,notill,"1115, 1120, 1121, 1124"
252,notill_209,notill,5214
253,notill_21,notill,"3463, 3465, 5187, 5189, 5192"
254,notill_210,notill,5033
255,notill_211,notill,"690, 692, 696, 711"
256,notill_212,notill,4326
257,notill_213,notill,"2414, 4304, 4305"
258,notill_214,notill,"217, 218, 1920"
259,notill_215,notill,3075
260,notill_216,notill,"91, 92, 173, 192, 205"
261,notill_217,notill,"182, 193, 194"
262,notill_218,notill,"3856, 3857"
263,notill_219,notill,4656
264,notill_22,notill,"439, 3423, 3424, 3425, 4148, 5143, 5144, 5158, 5160, 5171"
265,notill_220,notill,3637
266,notill_221,notill,2633
267,notill_222,notill,5926
268,notill_23,notill,"3319, 3372, 3380"
269,notill_24,notill,"1073, 1107, 1116, 1117, 1125, 1228, 3320, 3321, 3365, 3373, 3374, 3378, 3381, 4105, 4106, 4107"
270,notill_25,notill,"3289, 3297, 3962, 5120, 6011"
271,notill_26,notill,"1256, 4100"
272,notill_27,notill,"5076, 5090"
273,notill_28,notill,"5760, 5761"
274,notill_29,notill,"4862, 4875, 4880, 4926, 4928, 4932, 4936, 4939, 4994, 4996"
275,notill_3,notill,"10, 11, 14, 53, 55, 57, 58, 62, 66, 3729, 3730, 4073, 4074, 4075, 4076, 4077, 4083, 4084, 4085, 4556, 4699, 4704, 5811, 5812, 5813, 5817, 5819"
276,notill_30,notill,"4894, 4945, 4950, 5014, 5712, 5713, 5719, 5786"
277,notill_31,notill,2312
278,notill_32,notill,"697, 3674, 4951, 4966, 4980, 4990, 5788"
279,notill_33,notill,"2403, 2404, 2405, 2412, 4215, 4285, 4286, 4294, 5073, 5083, 5084, 5125"
280,notill_34,notill,"2370, 2371, 3256, 3257, 3287, 3952, 3953, 4440, 4443, 4445, 4452, 5631, 5632, 5640"
281,notill_35,notill,"1287, 1401, 2369, 2373, 2375, 2380"
282,notill_36,notill,"1405, 2372"
283,notill_37,notill,3877
284,notill_38,notill,"489, 1860, 1921, 2098, 2099, 2106, 2111, 2163, 2164, 5606, 5607, 5608, 5610, 5612, 5616, 5630, 5639, 5645, 5646, 5647, 5648, 5658, 5659, 5660, 5663, 5666, 5704, 5705, 5707"
285,notill_39,notill,"878, 884, 2132, 2165, 2166, 2167, 2195, 2202, 2203, 3972, 3976, 5691"
286,notill_4,notill,"1784, 3879"
287,notill_40,notill,"465, 3973"
288,notill_41,notill,"1397, 1398, 1399, 1415, 2168, 2169, 2170, 2171, 2172, 2173, 2174, 2197, 2205, 2208, 2224"
289,notill_42,notill,"504, 514, 515, 520, 3989, 5652, 5653, 5656, 5667, 5668, 5669, 5670, 5681, 5682, 5683"
290,notill_43,notill,"470, 491, 498, 500, 501, 509, 510, 511, 519, 2004"
291,notill_44,notill,"234, 235, 1863, 1966, 1967, 1980, 1984, 2009, 2032, 2033, 2039, 2040, 2042, 2947, 2948, 2949, 2951, 2964, 2965, 2966, 2967, 2971, 2972, 2973, 2974, 3017, 3019, 3058, 3988"
292,notill_45,notill,"90, 170, 1865, 1908, 1909, 3114"
293,notill_46,notill,1867
294,notill_47,notill,"85, 86, 88, 89, 168, 169, 1789, 3090, 3116, 4562, 4563, 4565, 4569, 4571, 4575, 4577, 4579, 5823, 5830"
295,notill_48,notill,"2864, 2870, 2954, 2968, 2976"
296,notill_49,notill,"2853, 6163, 6164, 6178, 6179, 6180, 6181, 6203, 6204"
297,notill_5,notill,"549, 551, 552, 553, 555, 579, 580, 586, 587, 588, 589, 590, 591, 592, 593, 594, 595, 597, 598, 599, 600, 601, 603, 604, 605, 606, 3151, 4484, 4490, 4501, 4503"
298,notill_50,notill,"82, 158, 159, 160, 178, 179, 180, 196, 197, 3723, 3724, 3762, 3766, 3767, 3825, 4154, 6160, 6161, 6176, 6185"
299,notill_51,notill,"3725, 3726, 3727, 4588, 4593, 4610"
300,notill_52,notill,"6143, 6144, 6145, 6154, 6182, 6206"
301,notill_53,notill,"3812, 3813, 3826, 3827, 3828, 4156, 4157, 4158, 4159, 4167, 4169, 4170"
302,notill_54,notill,"2474, 2475, 2476"
303,notill_55,notill,"2584, 2585, 2586"
304,notill_56,notill,"2583, 2587, 6166, 6183, 6184, 6189, 6190, 6191, 6192, 6195, 6196, 6197, 6198"
305,notill_57,notill,"3016, 3021, 3024, 3025, 3026, 3027, 3055, 3060, 3062"
306,notill_58,notill,"2499, 2524"
307,notill_59,notill,"3900, 3919"
308,notill_6,notill,"1430, 1431, 1432, 1433, 1480, 1482, 1534, 1544, 6106, 6109, 6132, 6135"
309,notill_60,notill,"449, 746, 747"
310,notill_61,notill,748
311,notill_62,notill,"751, 2526"
312,notill_63,notill,"892, 2722, 2724"
313,notill_64,notill,"3731, 3732, 3747, 3768, 4658, 4660, 4661, 4670, 4671, 4672, 4673, 4674, 4675, 5500, 5519, 5736"
314,notill_65,notill,"3733, 3769, 4632, 4633, 4651, 4652, 4653, 4683, 4697, 4700, 4706, 4721"
315,notill_66,notill,"1658, 3994, 4014, 4018"
316,notill_67,notill,3395
317,notill_68,notill,"4662, 4668, 4669"
318,notill_69,notill,"1592, 1602, 1605, 1667, 1668, 1669, 1676, 1681, 1682, 1683, 1684, 1686, 1687, 1688, 4012, 4015, 4016, 4017, 4020"
319,notill_7,notill,1479
320,notill_70,notill,834
321,notill_71,notill,"2634, 2635, 2636, 2638, 2656, 3930, 3931"
322,notill_72,notill,"282, 2423, 2729, 5944"
323,notill_73,notill,5956
324,notill_74,notill,"8, 56, 65, 1553, 1554, 1555, 1556, 1563, 1565, 1566, 1567, 1626, 1627, 1628, 1629, 1630, 1649, 1650, 1664, 1665, 1666, 1724, 1727, 1728, 1729, 1730, 1731, 1735, 1736, 1754, 1765, 1766, 1767, 1768, 4024, 4025, 4027"
325,notill_75,notill,"3159, 3174, 4038, 4039, 4056, 4058, 4059, 4060, 4061, 4062, 4063, 4069, 4071, 4072, 4081, 4082, 6076, 6078, 6079, 6080, 6081, 6087, 6089, 6110, 6111, 6112, 6134"
326,notill_76,notill,"12, 13, 54, 59, 60, 61, 63, 64, 67, 68, 1632, 1785, 1786, 3161, 3173, 3175, 3178, 3775, 3776, 3781, 4040, 4041, 4042, 4043, 4044, 4522, 4525, 4558, 4603, 4604, 4606, 4616, 4626, 4680, 4681, 4698, 5818"
327,notill_77,notill,"390, 393, 394, 398, 1807, 3145, 3148, 3149, 3154, 3160, 3179, 3188, 3190, 3192, 4523, 4524, 4544, 4545, 4557, 4560, 4561, 6115"
328,notill_78,notill,"391, 392, 395, 396, 397, 399, 400, 548, 550, 554, 581, 582, 583, 596, 607, 650, 651, 652, 3133, 3134, 3150, 4499, 4502, 4504, 4510, 4515"
329,notill_79,notill,"1481, 1483, 1484, 1487, 1488, 1489, 1494, 1529, 1533, 1535, 1539, 6107, 6116, 6130, 6136, 6137"
330,notill_8,notill,1490
331,notill_80,notill,"1491, 1493, 1495, 1498, 1540, 1541, 1546, 1547, 3222, 4090, 5280, 5282, 5285, 5286, 5288, 5341, 5342, 5344, 5348, 5349, 5350, 5351, 5355, 5357, 5362, 5375, 5382, 5976"
332,notill_81,notill,"5291, 5292, 5293, 5294, 5345, 5354"
333,notill_82,notill,"1158, 1160, 1162, 1163, 1164, 1186, 1197, 1198, 1200, 4097, 4098, 5352, 5358, 5368, 5369, 5370, 5371, 5376, 5377, 5380, 5383, 5390, 5400, 5774, 5775, 5778, 5779, 5780"
334,notill_83,notill,"1165, 1188, 1189, 1190, 2784, 2809, 3367"
335,notill_84,notill,"1034, 4116, 4139, 4140, 4143"
336,notill_85,notill,"407, 408, 432, 433, 435, 436, 440, 939, 1011, 1033, 3422"
337,notill_86,notill,"943, 944, 946, 956, 957, 995, 1012, 1013, 1024"
338,notill_87,notill,"941, 942, 974, 994, 3514, 3515, 3525, 3526, 3527, 3539, 3540, 3541, 3542"
339,notill_88,notill,"793, 891, 894, 3576, 5418, 5420, 5422, 5423, 5424, 5425, 5844, 5846, 5858, 5860"
340,notill_89,notill,"812, 813, 818, 819, 866, 902, 914"
341,notill_9,notill,"547, 577, 578, 584, 585, 602, 1157, 1492, 4091, 5281, 5283, 5284, 5287, 5289, 5290, 5340, 5343, 5356, 5359, 5360, 6008, 6009, 6010, 6013"
342,notill_90,notill,"5842, 5843, 5856, 5857, 5861, 5862, 5923, 5924, 5930, 5932"
343,notill_91,notill,"330, 331, 347, 348, 349, 358, 359, 365, 366, 367, 368, 5896, 5897, 5906, 5925, 5931, 5933"
344,notill_92,notill,"327, 351, 353, 3468, 3469, 3470, 3518, 3529"
345,notill_93,notill,"409, 3464, 3466, 3533, 3534, 3544, 5156, 5164, 5188, 5204, 5206, 5234, 5235, 5241, 5242"
346,notill_94,notill,"1067, 1108, 1109, 5170, 5172, 5178, 5766, 5767"
347,notill_95,notill,"1068, 1069, 1070, 1071, 1102, 1110, 1111, 1112, 1113, 1123, 5161"
348,notill_96,notill,"3317, 3318, 3364, 3371, 3379"
349,notill_97,notill,"1072, 1074, 1075, 1076, 1077, 1078, 1079, 1103, 1114, 1119, 1227, 1230, 1231, 1253, 1254"
350,notill_98,notill,"1234, 3260, 3261, 3286, 3288, 3290, 3291, 3292, 3293, 3294, 3295, 3296, 3298, 3695, 3705, 3711, 3963, 5070, 5071, 5111, 5979, 6007, 6014, 6040, 6048, 6060, 6061"
351,notill_99,notill,"1232, 1233, 1257, 3394, 3396, 6047"
352,pond_361,pond,"350, 351, 352, 353"
353,pond_362,pond,"1838, 1839, 1935, 1936, 1937, 1938"
354,pond_363,pond,"5611, 5612, 5613, 5614, 5615, 5616, 5617, 5641, 5642, 5643, 5644, 5645, 5646, 5647, 5648, 5657, 5658, 5659, 5660, 5708"
